-- phpMyAdmin SQL Dump
-- version 5.2.1
-- https://www.phpmyadmin.net/
--
-- 主機： 127.0.0.1
-- 產生時間： 2024-06-19 15:28:04
-- 伺服器版本： 10.4.32-MariaDB
-- PHP 版本： 8.0.30

SET SQL_MODE = "NO_AUTO_VALUE_ON_ZERO";
START TRANSACTION;
SET time_zone = "+00:00";


/*!40101 SET @OLD_CHARACTER_SET_CLIENT=@@CHARACTER_SET_CLIENT */;
/*!40101 SET @OLD_CHARACTER_SET_RESULTS=@@CHARACTER_SET_RESULTS */;
/*!40101 SET @OLD_COLLATION_CONNECTION=@@COLLATION_CONNECTION */;
/*!40101 SET NAMES utf8mb4 */;

--
-- 資料庫： `store`
--

-- --------------------------------------------------------

--
-- 資料表結構 `member`
--

CREATE TABLE `member` (
  `member_name` text NOT NULL,
  `member_phone` varchar(50) NOT NULL,
  `member_email` varchar(50) NOT NULL,
  `member_birthday` date NOT NULL,
  `member_point` int(10) NOT NULL,
  `member_password` varchar(100) NOT NULL
) ENGINE=InnoDB DEFAULT CHARSET=utf8mb4 COLLATE=utf8mb4_general_ci;

--
-- 傾印資料表的資料 `member`
--

INSERT INTO `member` (`member_name`, `member_phone`, `member_email`, `member_birthday`, `member_point`, `member_password`) VALUES
('hank', '000', '000', '1952-06-06', 0, '000'),
('Qun', '0912345678', 'Q12345678@gmail.com', '1952-08-08', 1, '12345678'),
('555', '111', '111', '1945-01-06', 1, '111'),
('張三', '123', '123', '1945-02-04', 10, '123'),
('李四', '456', '456', '1946-04-04', 2, '456'),
('joe', '789', '789', '1949-02-01', 1, '789'),
('ru', '999', '999', '1945-01-06', 1, '999');

-- --------------------------------------------------------

--
-- 資料表結構 `menu`
--

CREATE TABLE `menu` (
  `iId` int(11) NOT NULL,
  `iName` varchar(20) CHARACTER SET utf8mb4 COLLATE utf8mb4_unicode_ci NOT NULL,
  `iPrice` int(11) NOT NULL
) ENGINE=InnoDB DEFAULT CHARSET=utf8mb4 COLLATE=utf8mb4_general_ci;

--
-- 傾印資料表的資料 `menu`
--

INSERT INTO `menu` (`iId`, `iName`, `iPrice`) VALUES
(1, '花生醬豬排蛋漢堡', 85),
(2, '菇菇歐姆蛋漢堡', 75),
(3, '薯餅起司蛋漢堡', 75),
(4, '蜂蜜芥末鱈魚漢堡', 85),
(5, '藍帶豬排漢堡', 85),
(6, '泰式咔拉雞腿漢堡(辣)', 85),
(7, '香濃起司厚牛漢堡', 100),
(8, 'BBQ雞腿起司蛋漢堡', 105),
(9, 'OLA吃很堡漢堡', 115),
(10, '妃牛莫薯漢堡', 120),
(11, '玉米歐姆蛋帕尼尼', 75),
(12, '菇菇歐姆蛋帕尼尼', 75),
(13, '花生醬濃濃起司蛋帕尼尼', 75),
(14, '火腿玉米蛋帕尼尼', 80),
(15, '黑胡椒豬排蛋帕尼尼', 80),
(16, '花生醬咔拉雞帕尼尼', 95),
(17, 'BBQ雞腿蛋帕尼尼', 105),
(18, '花生醬4oz厚牛蛋帕尼尼', 115),
(19, '冰火菠蘿油', 45),
(20, '棉花糖厚片', 50),
(21, '起司薯餅塔', 60),
(22, 'OLA西多士', 60),
(23, '厚片', 30),
(24, '菠蘿', 45),
(25, '玉米起司蛋餅', 40),
(26, '蔬菜起司蛋餅', 45),
(27, '火腿蛋餅', 45),
(28, '黑胡椒豬排蛋餅', 50),
(29, '檸香炸雞柳蛋餅', 55),
(30, '泰式海味蝦排蛋餅', 65),
(31, '魚排佐蜂蜜芥末蛋餅', 65),
(32, '咔拉雞佐泰式醬蛋餅', 70),
(33, 'BBQ雞腿蛋餅', 75),
(34, '爆Q辛拉麵', 90),
(35, '咔拉雞起司辛拉麵', 135),
(36, '香煎雞腿起司辛炒麵', 140),
(37, '熱狗', 30),
(38, '美式薯餅2p', 40),
(39, '微笑薯餅6p', 45),
(40, '玉米布丁酥', 50),
(41, '美式脆薯', 55),
(42, '麥克雞塊', 55),
(43, '檸檬雞柳條', 55),
(44, '日式炸雞5p', 85),
(45, '牽絲起司條5p', 95),
(46, '紅茶', 20),
(47, '紅茶鮮奶', 35),
(48, '黃金蕎麥茶(無糖)', 35),
(49, '可爾必思', 35),
(50, '美式咖啡(無糖)', 55),
(51, '拿鐵咖啡(無糖)', 60);

-- --------------------------------------------------------

--
-- 資料表結構 `orders_contain`
--

CREATE TABLE `orders_contain` (
  `oId` int(11) NOT NULL,
  `iId` int(11) NOT NULL,
  `oQuantity` int(11) DEFAULT NULL,
  `oSum` decimal(10,2) DEFAULT NULL
) ENGINE=InnoDB DEFAULT CHARSET=utf8mb4 COLLATE=utf8mb4_general_ci;

-- --------------------------------------------------------

--
-- 資料表結構 `order_list`
--

CREATE TABLE `order_list` (
  `oId` int(11) NOT NULL,
  `iId` int(11) NOT NULL,
  `iName` varchar(100) NOT NULL,
  `oQuantity` int(11) NOT NULL,
  `oSum` decimal(10,2) NOT NULL,
  `Order_Time` datetime DEFAULT NULL,
  `member_phone` varchar(10) DEFAULT NULL
) ENGINE=InnoDB DEFAULT CHARSET=utf8mb4 COLLATE=utf8mb4_general_ci;

--
-- 傾印資料表的資料 `order_list`
--

INSERT INTO `order_list` (`oId`, `iId`, `iName`, `oQuantity`, `oSum`, `Order_Time`, `member_phone`) VALUES
(1, 5, '藍帶豬排漢堡', 4, 340.00, '2024-05-25 01:49:35', '456'),
(1020, 5, '藍帶豬排漢堡', 3, 255.00, '2024-06-01 19:25:33', '111'),
(1490, 37, '熱狗', 2, 60.00, '2024-06-18 21:01:34', '0912345678'),
(2278, 37, '熱狗', 2, 60.00, '2024-06-12 15:39:11', '0912345678'),
(2419, 1, '花生醬豬排蛋漢堡', 2, 170.00, '2024-06-11 02:20:37', '789'),
(2621, 5, '藍帶豬排漢堡', 1, 85.00, '2024-06-12 17:55:22', '111'),
(3271, 46, '紅茶', 2, 40.00, '2024-06-11 09:40:08', '123'),
(3272, 46, '紅茶', 2, 40.00, '2024-06-11 09:42:43', '123'),
(4603, 46, '紅茶', 2, 40.00, '2024-06-11 02:47:20', '123'),
(4802, 3, '薯餅起司蛋漢堡', 2, 150.00, '2024-06-11 01:59:02', '999'),
(4802, 12, '菇菇歐姆蛋帕尼尼', 1, 75.00, '2024-06-11 01:59:02', '999'),
(4802, 46, '紅茶', 1, 20.00, '2024-06-11 01:59:02', '999'),
(4943, 1, '花生醬豬排蛋漢堡', 2, 160.00, '2024-06-06 15:20:52', '111'),
(5402, 37, '熱狗', 2, 60.00, '2024-06-11 11:56:09', '123'),
(6856, 1, '花生醬豬排蛋漢堡', 3, 240.00, '2024-06-01 18:08:19', '123'),
(7778, 37, '熱狗', 2, 60.00, '2024-06-11 10:39:00', '123'),
(8455, 1, '花生醬豬排蛋漢堡', 1, 80.00, '2024-05-30 20:56:43', '123'),
(8455, 2, '菇菇歐姆蛋漢堡', 1, 75.00, '2024-05-30 20:56:43', '123'),
(9715, 5, '藍帶豬排漢堡', 1, 85.00, '2024-05-25 01:51:25', '456');

-- --------------------------------------------------------

--
-- 資料表結構 `order_management`
--

CREATE TABLE `order_management` (
  `Order_number` int(50) NOT NULL,
  `Order_time` datetime(6) NOT NULL,
  `Order_status` varchar(50) DEFAULT NULL,
  `Order_sum` int(10) NOT NULL,
  `member_phone` varchar(50) NOT NULL
) ENGINE=InnoDB DEFAULT CHARSET=utf8mb4 COLLATE=utf8mb4_general_ci;

--
-- 傾印資料表的資料 `order_management`
--

INSERT INTO `order_management` (`Order_number`, `Order_time`, `Order_status`, `Order_sum`, `member_phone`) VALUES
(1, '2024-05-22 00:45:11.000000', '已完成', 170, '123'),
(2, '2024-06-02 00:00:00.000000', '已完成', 380, '456'),
(3, '2024-06-03 00:00:00.000000', '已完成', 120, '123'),
(4, '2024-06-04 00:00:00.000000', '已完成', 720, '111'),
(5, '2024-06-05 00:00:00.000000', '已完成', 240, '123'),
(7, '2024-06-07 00:00:00.000000', '已完成', 600, '123'),
(8, '2024-06-08 00:00:00.000000', '已完成', 860, '456'),
(9, '2024-06-09 00:00:00.000000', '已完成', 1060, '789'),
(10, '2024-06-10 00:00:00.000000', '已完成', 260, '456'),
(11, '2024-06-13 00:00:00.000000', '已完成', 320, '111'),
(12, '2024-06-14 00:00:00.000000', '已完成', 480, '123'),
(13, '2024-06-15 00:00:00.000000', '已完成', 720, '456'),
(14, '2024-06-16 00:00:00.000000', '已完成', 1240, '111'),
(15, '2024-06-17 00:00:00.000000', '已完成', 1800, '789'),
(16, '2024-06-18 00:00:00.000000', '已完成', 520, '123'),
(17, '2024-06-19 00:00:00.000000', '已完成', 350, '456'),
(1020, '2024-06-01 19:25:33.000000', '已完成', 255, '111'),
(1490, '2024-06-18 21:01:34.000000', '已完成', 60, '0912345678'),
(2278, '2024-06-12 15:39:11.000000', '已完成', 60, '0912345678'),
(2419, '2024-06-11 02:20:37.000000', '已完成', 170, '789'),
(2621, '2024-06-12 17:55:22.000000', '已完成', 85, '111'),
(3271, '2024-06-11 09:40:08.000000', '已完成', 40, '123'),
(3272, '2024-06-11 09:42:43.000000', '已完成', 40, '123'),
(4603, '2024-06-11 02:47:20.000000', '已完成', 40, '123'),
(4802, '2024-06-11 01:59:02.000000', '已完成', 245, '999'),
(4943, '2024-06-06 15:20:52.000000', '已完成', 160, '111'),
(5402, '2024-06-11 11:56:09.000000', '已完成', 60, '123'),
(5425, '2024-05-25 01:49:35.000000', '已完成', 340, '456'),
(6856, '2024-06-01 18:08:19.000000', '已完成', 240, '123'),
(7778, '2024-06-11 10:39:00.000000', '已完成', 60, '123'),
(8455, '2024-05-30 20:56:43.000000', '已完成', 155, '123'),
(9715, '2024-05-25 01:51:25.000000', '已完成', 85, '456');

-- --------------------------------------------------------

--
-- 資料表結構 `products_material`
--

CREATE TABLE `products_material` (
  `iId` int(11) NOT NULL,
  `iName` varchar(20) NOT NULL,
  `stock_id` int(50) NOT NULL,
  `material_name` varchar(50) NOT NULL
) ENGINE=InnoDB DEFAULT CHARSET=utf8mb4 COLLATE=utf8mb4_general_ci;

--
-- 傾印資料表的資料 `products_material`
--

INSERT INTO `products_material` (`iId`, `iName`, `stock_id`, `material_name`) VALUES
(1, '花生醬豬排蛋漢堡', 1, '漢堡皮'),
(1, '花生醬豬排蛋漢堡', 3, '雞蛋'),
(1, '花生醬豬排蛋漢堡', 4, '蔬菜'),
(1, '花生醬豬排蛋漢堡', 5, '豬排'),
(1, '花生醬豬排蛋漢堡', 12, '番茄'),
(2, '菇菇歐姆蛋漢堡', 1, '漢堡皮'),
(2, '菇菇歐姆蛋漢堡', 3, '雞蛋'),
(2, '菇菇歐姆蛋漢堡', 4, '蔬菜'),
(2, '菇菇歐姆蛋漢堡', 6, '菇'),
(2, '菇菇歐姆蛋漢堡', 12, '番茄'),
(3, '薯餅起司蛋漢堡', 1, '漢堡皮'),
(3, '薯餅起司蛋漢堡', 3, '雞蛋'),
(3, '薯餅起司蛋漢堡', 4, '蔬菜'),
(3, '薯餅起司蛋漢堡', 7, '薯餅'),
(3, '薯餅起司蛋漢堡', 12, '番茄'),
(4, '蜂蜜芥末鱈魚漢堡', 1, '漢堡皮'),
(4, '蜂蜜芥末鱈魚漢堡', 3, '雞蛋'),
(4, '蜂蜜芥末鱈魚漢堡', 4, '蔬菜'),
(4, '蜂蜜芥末鱈魚漢堡', 9, '鱈魚排'),
(4, '蜂蜜芥末鱈魚漢堡', 12, '番茄'),
(5, '藍帶豬排漢堡', 1, '漢堡皮'),
(5, '藍帶豬排漢堡', 2, '藍帶豬排'),
(5, '藍帶豬排漢堡', 3, '雞蛋'),
(5, '藍帶豬排漢堡', 4, '蔬菜'),
(5, '藍帶豬排漢堡', 12, '番茄'),
(6, '泰式咔拉雞腿漢堡(辣)', 1, '漢堡皮'),
(6, '泰式咔拉雞腿漢堡(辣)', 3, '雞蛋'),
(6, '泰式咔拉雞腿漢堡(辣)', 4, '蔬菜'),
(6, '泰式咔拉雞腿漢堡(辣)', 10, '咔拉雞'),
(6, '泰式咔拉雞腿漢堡(辣)', 12, '番茄'),
(7, '香濃起司厚牛漢堡', 1, '漢堡皮'),
(7, '香濃起司厚牛漢堡', 3, '雞蛋'),
(7, '香濃起司厚牛漢堡', 4, '蔬菜'),
(7, '香濃起司厚牛漢堡', 8, '起司片'),
(7, '香濃起司厚牛漢堡', 11, '牛排'),
(7, '香濃起司厚牛漢堡', 12, '番茄'),
(8, 'BBQ雞腿起司蛋漢堡', 1, '漢堡皮'),
(8, 'BBQ雞腿起司蛋漢堡', 3, '雞蛋'),
(8, 'BBQ雞腿起司蛋漢堡', 4, '蔬菜'),
(8, 'BBQ雞腿起司蛋漢堡', 12, '番茄'),
(8, 'BBQ雞腿起司蛋漢堡', 13, '雞腿'),
(9, 'OLA吃很堡漢堡', 1, '漢堡皮'),
(9, 'OLA吃很堡漢堡', 3, '雞蛋'),
(9, 'OLA吃很堡漢堡', 4, '蔬菜'),
(9, 'OLA吃很堡漢堡', 7, '薯餅'),
(9, 'OLA吃很堡漢堡', 10, '咔拉雞'),
(9, 'OLA吃很堡漢堡', 12, '番茄'),
(10, '妃牛莫薯漢堡', 1, '漢堡皮'),
(10, '妃牛莫薯漢堡', 3, '雞蛋'),
(10, '妃牛莫薯漢堡', 4, '蔬菜'),
(10, '妃牛莫薯漢堡', 7, '薯餅'),
(10, '妃牛莫薯漢堡', 8, '起司片'),
(10, '妃牛莫薯漢堡', 11, '牛排'),
(10, '妃牛莫薯漢堡', 12, '番茄'),
(11, '玉米歐姆蛋帕尼尼', 3, '雞蛋'),
(11, '玉米歐姆蛋帕尼尼', 4, '蔬菜'),
(11, '玉米歐姆蛋帕尼尼', 14, '玉米'),
(11, '玉米歐姆蛋帕尼尼', 19, '吐司'),
(12, '菇菇歐姆蛋帕尼尼', 3, '雞蛋'),
(12, '菇菇歐姆蛋帕尼尼', 4, '蔬菜'),
(12, '菇菇歐姆蛋帕尼尼', 6, '菇'),
(12, '菇菇歐姆蛋帕尼尼', 19, '吐司'),
(13, '花生醬濃濃起司蛋帕尼尼', 3, '雞蛋'),
(13, '花生醬濃濃起司蛋帕尼尼', 4, '蔬菜'),
(13, '花生醬濃濃起司蛋帕尼尼', 8, '起司'),
(13, '花生醬濃濃起司蛋帕尼尼', 19, '吐司'),
(14, '火腿玉米蛋帕尼尼', 3, '雞蛋'),
(14, '火腿玉米蛋帕尼尼', 4, '蔬菜'),
(14, '火腿玉米蛋帕尼尼', 14, '玉米'),
(14, '火腿玉米蛋帕尼尼', 15, '火腿'),
(14, '火腿玉米蛋帕尼尼', 19, '吐司'),
(15, '黑胡椒豬排蛋帕尼尼', 3, '雞蛋'),
(15, '黑胡椒豬排蛋帕尼尼', 4, '蔬菜'),
(15, '黑胡椒豬排蛋帕尼尼', 5, '豬排'),
(15, '黑胡椒豬排蛋帕尼尼', 19, '吐司'),
(16, '花生醬咔拉雞帕尼尼', 3, '雞蛋'),
(16, '花生醬咔拉雞帕尼尼', 4, '蔬菜'),
(16, '花生醬咔拉雞帕尼尼', 10, '咔拉雞'),
(16, '花生醬咔拉雞帕尼尼', 19, '吐司'),
(17, 'BBQ雞腿蛋帕尼尼', 3, '雞蛋'),
(17, 'BBQ雞腿蛋帕尼尼', 4, '蔬菜'),
(17, 'BBQ雞腿蛋帕尼尼', 13, '雞腿'),
(17, 'BBQ雞腿蛋帕尼尼', 19, '吐司'),
(18, '花生醬4oz厚牛蛋帕尼尼', 3, '雞蛋'),
(18, '花生醬4oz厚牛蛋帕尼尼', 4, '蔬菜'),
(18, '花生醬4oz厚牛蛋帕尼尼', 11, '牛排'),
(18, '花生醬4oz厚牛蛋帕尼尼', 19, '吐司'),
(19, '冰火菠蘿油', 16, '菠蘿麵包'),
(20, '棉花糖厚片', 17, '棉花糖'),
(20, '棉花糖厚片', 18, '厚片'),
(21, '起司薯餅塔', 7, '薯餅'),
(21, '起司薯餅塔', 8, '起司片'),
(22, 'OLA西多士', 19, '吐司'),
(23, '厚片', 18, '厚片'),
(24, '菠蘿', 16, '菠蘿麵包'),
(25, '玉米起司蛋餅', 3, '雞蛋'),
(25, '玉米起司蛋餅', 8, '起司片'),
(25, '玉米起司蛋餅', 14, '玉米'),
(25, '玉米起司蛋餅', 20, '蛋餅皮'),
(26, '蔬菜起司蛋餅', 3, '雞蛋'),
(26, '蔬菜起司蛋餅', 4, '蔬菜'),
(26, '蔬菜起司蛋餅', 8, '起司片'),
(26, '蔬菜起司蛋餅', 20, '蛋餅皮'),
(27, '火腿蛋餅', 3, '雞蛋'),
(27, '火腿蛋餅', 15, '火腿'),
(27, '火腿蛋餅', 20, '蛋餅皮'),
(28, '黑胡椒豬排蛋餅', 3, '雞蛋'),
(28, '黑胡椒豬排蛋餅', 5, '豬排'),
(28, '黑胡椒豬排蛋餅', 20, '蛋餅皮'),
(29, '檸香炸雞柳蛋餅', 3, '雞蛋'),
(29, '檸香炸雞柳蛋餅', 20, '蛋餅皮'),
(29, '檸香炸雞柳蛋餅', 21, '雞柳'),
(29, '檸香炸雞柳蛋餅', 22, '檸檬'),
(30, '泰式海味蝦排蛋餅', 3, '雞蛋'),
(30, '泰式海味蝦排蛋餅', 20, '蛋餅皮'),
(30, '泰式海味蝦排蛋餅', 23, '蝦排'),
(31, '魚排佐蜂蜜芥末蛋餅', 3, '雞蛋'),
(31, '魚排佐蜂蜜芥末蛋餅', 20, '蛋餅皮'),
(31, '魚排佐蜂蜜芥末蛋餅', 24, '魚排'),
(32, '咔拉雞佐泰式醬蛋餅', 3, '雞蛋'),
(32, '咔拉雞佐泰式醬蛋餅', 10, '咔拉雞'),
(32, '咔拉雞佐泰式醬蛋餅', 20, '蛋餅皮'),
(33, 'BBQ雞腿蛋餅', 3, '雞蛋'),
(33, 'BBQ雞腿蛋餅', 13, '雞腿'),
(33, 'BBQ雞腿蛋餅', 20, '蛋餅皮'),
(34, '爆Q辛拉麵', 3, '雞蛋'),
(34, '爆Q辛拉麵', 4, '蔬菜'),
(34, '爆Q辛拉麵', 25, '辛拉麵'),
(35, '咔拉雞起司辛拉麵', 3, '雞蛋'),
(35, '咔拉雞起司辛拉麵', 4, '蔬菜'),
(35, '咔拉雞起司辛拉麵', 8, '起司片'),
(35, '咔拉雞起司辛拉麵', 10, '咔拉雞'),
(35, '咔拉雞起司辛拉麵', 25, '辛拉麵'),
(36, '香煎雞腿起司辛炒麵', 3, '雞蛋'),
(36, '香煎雞腿起司辛炒麵', 4, '蔬菜'),
(36, '香煎雞腿起司辛炒麵', 8, '起司片'),
(36, '香煎雞腿起司辛炒麵', 13, '雞腿'),
(36, '香煎雞腿起司辛炒麵', 25, '辛拉麵'),
(37, '熱狗', 26, '熱狗'),
(38, '美式薯餅2p', 7, '薯餅'),
(39, '微笑薯餅6p', 27, '小薯餅'),
(40, '玉米布丁酥', 14, '玉米'),
(40, '玉米布丁酥', 28, '布丁酥'),
(41, '美式脆薯', 29, '薯條'),
(42, '麥克雞塊', 31, '炸雞塊'),
(43, '檸檬雞柳條', 21, '雞柳條'),
(43, '檸檬雞柳條', 22, '檸檬'),
(44, '日式炸雞5p', 31, '炸雞塊'),
(45, '牽絲起司條5p', 30, '起司條'),
(46, '紅茶', 32, '紅茶'),
(47, '紅茶鮮奶', 32, '紅茶'),
(47, '紅茶鮮奶', 33, '鮮奶'),
(48, '黃金蕎麥茶(無糖)', 34, '蕎麥茶'),
(49, '可爾必思', 35, '可爾必思'),
(50, '美式咖啡(無糖)', 36, '咖啡'),
(51, '拿鐵咖啡(無糖)', 33, '鮮奶'),
(51, '拿鐵咖啡(無糖)', 36, '咖啡');

-- --------------------------------------------------------

--
-- 資料表結構 `purchase_records`
--

CREATE TABLE `purchase_records` (
  `stock_id` int(11) NOT NULL,
  `purchase_order` varchar(100) NOT NULL,
  `material_name` varchar(100) NOT NULL,
  `quantity` int(11) NOT NULL,
  `purchase_date` datetime NOT NULL,
  `purchase_sum` int(50) NOT NULL
) ENGINE=InnoDB DEFAULT CHARSET=utf8mb4 COLLATE=utf8mb4_general_ci;

--
-- 傾印資料表的資料 `purchase_records`
--

INSERT INTO `purchase_records` (`stock_id`, `purchase_order`, `material_name`, `quantity`, `purchase_date`, `purchase_sum`) VALUES
(1, '00001', '漢堡皮', 40, '2024-06-04 00:00:00', 400),
(1, '00002', '漢堡皮', 40, '2024-06-11 00:00:00', 400),
(2, '00001', '藍帶豬排', 10, '2024-06-04 00:00:00', 200),
(2, '00004', '藍帶豬排', 10, '2024-06-17 00:00:00', 240),
(3, '00001', '雞蛋', 50, '2024-06-04 00:00:00', 300),
(26, '00002', '熱狗', 20, '2024-06-10 00:00:00', 200),
(26, '00003', '熱狗', 20, '2024-06-12 00:00:00', 200);

-- --------------------------------------------------------

--
-- 資料表結構 `stock`
--

CREATE TABLE `stock` (
  `stock_id` int(11) NOT NULL,
  `material_name` varchar(50) NOT NULL,
  `material_amount` int(50) DEFAULT NULL
) ENGINE=InnoDB DEFAULT CHARSET=utf8mb4 COLLATE=utf8mb4_general_ci;

--
-- 傾印資料表的資料 `stock`
--

INSERT INTO `stock` (`stock_id`, `material_name`, `material_amount`) VALUES
(1, '漢堡皮', 557),
(2, '藍帶豬排', 18),
(3, '雞蛋', 76),
(4, '蔬菜', 26),
(5, '豬排', 12),
(6, '菇', 18),
(7, '薯餅', 48),
(8, '起司片', 50),
(9, '鱈魚排', 20),
(10, '咔拉雞', 50),
(11, '牛排', 20),
(12, '番茄', 27),
(13, '雞腿', 20),
(14, '玉米', 30),
(15, '火腿', 30),
(16, '菠蘿麵包', 30),
(17, '棉花糖', 20),
(18, '厚片', 30),
(19, '吐司', 19),
(20, '蛋餅皮', 100),
(21, '雞柳', 20),
(22, '檸檬', 10),
(23, '蝦排', 20),
(24, '魚排', 20),
(25, '辛拉麵', 50),
(26, '熱狗', 62),
(27, '小薯餅', 30),
(28, '布丁酥', 20),
(29, '薯條', 50),
(30, '起司條', 20),
(31, '炸雞塊', 20),
(32, '紅茶', 43),
(33, '鮮奶', 30),
(34, '蕎麥茶', 30),
(35, '可爾必思', 50),
(36, '咖啡', 50);

--
-- 已傾印資料表的索引
--

--
-- 資料表索引 `member`
--
ALTER TABLE `member`
  ADD PRIMARY KEY (`member_phone`);

--
-- 資料表索引 `menu`
--
ALTER TABLE `menu`
  ADD PRIMARY KEY (`iId`);

--
-- 資料表索引 `orders_contain`
--
ALTER TABLE `orders_contain`
  ADD PRIMARY KEY (`oId`,`iId`);

--
-- 資料表索引 `order_list`
--
ALTER TABLE `order_list`
  ADD PRIMARY KEY (`oId`,`iId`);

--
-- 資料表索引 `order_management`
--
ALTER TABLE `order_management`
  ADD PRIMARY KEY (`Order_number`);

--
-- 資料表索引 `products_material`
--
ALTER TABLE `products_material`
  ADD PRIMARY KEY (`iId`,`stock_id`);

--
-- 資料表索引 `purchase_records`
--
ALTER TABLE `purchase_records`
  ADD PRIMARY KEY (`stock_id`,`purchase_order`,`material_name`);

--
-- 資料表索引 `stock`
--
ALTER TABLE `stock`
  ADD PRIMARY KEY (`stock_id`);

--
-- 在傾印的資料表使用自動遞增(AUTO_INCREMENT)
--

--
-- 使用資料表自動遞增(AUTO_INCREMENT) `stock`
--
ALTER TABLE `stock`
  MODIFY `stock_id` int(11) NOT NULL AUTO_INCREMENT, AUTO_INCREMENT=44;
COMMIT;

/*!40101 SET CHARACTER_SET_CLIENT=@OLD_CHARACTER_SET_CLIENT */;
/*!40101 SET CHARACTER_SET_RESULTS=@OLD_CHARACTER_SET_RESULTS */;
/*!40101 SET COLLATION_CONNECTION=@OLD_COLLATION_CONNECTION */;
